{
    "output": 45.666666666666664,
    "halstead_score": 1.3615212110873878
}